fold,modelo,accuracy,precision,recall,f1,roc_auc,pr_auc
1,logistic_regression,0.7151248164464024,0.686046511627907,0.7329192546583851,0.7087087087087087,0.7954030346545788,0.755934667782118
2,logistic_regression,0.7349486049926579,0.7123893805309734,0.7442218798151001,0.7279577995478523,0.810605160166574,0.7694008937974393
3,logistic_regression,0.7209985315712188,0.697503671071953,0.7318952234206472,0.7142857142857143,0.7808928181666909,0.7176850433280917
4,logistic_regression,0.7349486049926579,0.7208271787296898,0.7393939393939394,0.7299925205684368,0.8066886816886817,0.7830409372209707
5,logistic_regression,0.7349486049926579,0.7157287157287158,0.7515151515151515,0.7331855136733185,0.8137734179400846,0.7880417382900489
1,hist_gradient_boosting,0.737885462555066,0.7076700434153401,0.7593167701863354,0.7325842696629213,0.8221033235869133,0.7953413033068267
2,hist_gradient_boosting,0.7525697503671072,0.7209631728045326,0.7842835130970724,0.7512915129151292,0.8398269427342097,0.8072377954473676
3,hist_gradient_boosting,0.7386196769456681,0.7120115774240231,0.7580893682588598,0.7343283582089553,0.8205784279190987,0.7809905644970135
4,hist_gradient_boosting,0.7606461086637298,0.7325905292479109,0.796969696969697,0.7634252539912917,0.8321958905292239,0.8145996561904704
5,hist_gradient_boosting,0.7533039647577092,0.7341040462427746,0.7696969696969697,0.7514792899408284,0.842446904946905,0.8245293830621923
1,neural_network,0.7268722466960352,0.6904761904761905,0.765527950310559,0.7260677466863034,0.8141317323829133,0.7895146030876838
2,neural_network,0.749632892804699,0.7219020172910663,0.7719568567026194,0.746090841399851,0.8253251847161562,0.7916322506248737
3,neural_network,0.7254038179148311,0.7158555729984302,0.7026194144838213,0.7091757387247278,0.7989819270989784,0.7480829086708255
4,neural_network,0.7474302496328928,0.7263610315186246,0.7681818181818182,0.7466863033873343,0.826486013986014,0.8134419768949058
5,neural_network,0.7533039647577092,0.7469512195121951,0.7424242424242424,0.7446808510638298,0.838757230423897,0.8269323107940687
