persona_id,inscripcion_id,fecha_vencimiento,probabilidad_churn,riesgo
1817,9614,2026-09-01,0.8485388306874065,alto
4283,9573,2026-08-30,0.8375041257539084,alto
867,9695,2026-09-04,0.832642479843586,alto
4284,9574,2026-08-30,0.8167903361987072,alto
4326,9706,2026-09-04,0.8132271642570539,alto
4281,9571,2026-08-30,0.8116411874311342,alto
4287,9595,2026-09-03,0.8105156677383203,alto
4319,9692,2026-09-05,0.8101257030070247,alto
4288,9596,2026-09-03,0.8094449929911288,alto
4286,9594,2026-09-03,0.8094449929911288,alto
4285,9577,2026-08-30,0.8084901136747478,alto
4301,9642,2026-09-03,0.8044171634706531,alto
4298,9628,2026-09-03,0.8028208707662802,alto
4278,9555,2026-09-03,0.7920288480724691,alto
4341,9748,2026-09-06,0.7904157334945717,alto
4290,9605,2026-08-31,0.7784404130147918,alto
4289,9597,2026-09-03,0.7682172618395098,alto
4306,9656,2026-09-03,0.7595321267829568,alto
3017,9281,2026-08-30,0.7373290304853749,alto
4320,9696,2026-09-04,0.7248447253196196,alto
2423,9646,2026-09-04,0.7229459893560403,alto
4308,9663,2026-09-03,0.7055798854988462,alto
396,9679,2026-09-04,0.705202988526385,alto
3452,9385,2026-08-30,0.7036419162388873,alto
4321,9697,2026-09-04,0.6871160736505716,alto
4307,9659,2026-09-03,0.6857042945575622,alto
1805,9704,2026-09-04,0.6757394093508015,alto
4291,9618,2026-09-05,0.6717349077322148,alto
1893,9653,2026-09-03,0.6700244941265386,alto
1083,9671,2026-09-04,0.6690404652196029,alto
4329,9712,2026-09-05,0.6606442016131384,alto
3616,7621,2026-09-01,0.6545629142669681,alto
4318,9691,2026-09-04,0.6259089721290871,alto
3013,9576,2026-08-30,0.6221006173980059,alto
4313,9668,2026-09-03,0.6116729446039636,alto
4305,9648,2026-09-03,0.6093965893033592,alto
4340,9747,2026-09-06,0.6056470045418673,alto
4316,9683,2026-09-04,0.6029131520234303,alto
4317,9685,2026-09-04,0.599229191264225,alto
4328,9708,2026-09-05,0.5932236925107504,alto
4300,9639,2026-09-03,0.5877638243722781,alto
4336,9742,2026-09-06,0.5860156667865939,alto
2872,9684,2026-09-04,0.5798823543615298,alto
4270,9529,2026-09-01,0.574494815099849,alto
4335,9741,2026-09-06,0.5722865756468257,alto
2920,9314,2026-08-30,0.568873983160459,medio
4271,9530,2026-09-01,0.5663334592361315,medio
4327,9707,2026-09-04,0.5652193552834363,medio
4312,9667,2026-09-03,0.5541460926768931,medio
4311,9666,2026-09-03,0.5541263816402704,medio
435,9631,2026-09-03,0.5522165492251061,medio
4309,9664,2026-09-03,0.5512717564257754,medio
4139,9157,2026-09-02,0.5476966026165223,medio
4324,9702,2026-09-04,0.5407967207138936,medio
4304,9647,2026-09-03,0.5260201441356783,medio
1916,9632,2026-09-03,0.5178064977921236,medio
4310,9665,2026-09-03,0.5171077131143573,medio
4330,9713,2026-09-05,0.5085751510162255,medio
2446,9525,2026-08-30,0.5074596253526439,medio
3617,7622,2026-09-01,0.5047743835525996,medio
4325,9705,2026-09-04,0.5041310528475955,medio
3153,9232,2026-09-03,0.502562744329457,medio
3643,9466,2026-08-31,0.4580118789730675,medio
4315,9677,2026-09-04,0.45717784020143076,medio
3621,9162,2026-08-31,0.4571229558882362,medio
4314,9676,2026-09-04,0.44421816389928054,medio
4299,9637,2026-09-03,0.4115759762711403,medio
3579,9625,2026-09-03,0.4098600283353893,medio
332,9750,2026-09-06,0.38985056432381066,medio
333,9751,2026-09-06,0.3867660034198607,medio
4323,9700,2026-09-04,0.38582663332143285,medio
836,9578,2026-08-31,0.37869209181843616,medio
4322,9699,2026-09-04,0.3731004081488589,medio
3460,9627,2026-09-03,0.3488006813236577,medio
2899,9680,2026-09-04,0.3438780369068529,medio
4151,9186,2026-08-30,0.337182756827903,medio
3802,9603,2026-08-31,0.33702794180707624,medio
3615,9670,2026-09-03,0.3193261602454156,medio
3405,9610,2026-08-31,0.3117082046466456,medio
4220,9378,2026-08-30,0.29428658188322565,medio
528,9236,2026-09-03,0.28859389984107625,medio
4282,9572,2026-08-30,0.28436303959693227,medio
2149,9624,2026-09-03,0.2793076337241825,medio
1930,9673,2026-09-04,0.27590422843281975,medio
1993,9289,2026-09-03,0.2729126723527395,medio
4134,9136,2026-08-31,0.27077759488792424,medio
3634,9675,2026-09-04,0.24684968060905368,medio
1959,8493,2026-08-31,0.22256841281059567,medio
4265,9519,2026-08-30,0.21994692423255865,medio
3827,9657,2026-09-03,0.21510362542132927,medio
2926,9740,2026-09-06,0.21291379910933791,bajo
2925,9739,2026-09-06,0.2099118845543115,bajo
3828,9658,2026-09-03,0.20307366966550075,bajo
291,9636,2026-09-03,0.19200129567425922,bajo
83,9640,2026-09-03,0.18809465158490313,bajo
1335,9641,2026-09-03,0.1597313229501592,bajo
3281,9719,2026-09-06,0.1588280709720484,bajo
2256,9069,2026-08-31,0.13233895459034645,bajo
3637,9651,2026-09-03,0.13154850717405198,bajo
3620,9164,2026-08-31,0.12937636325647225,bajo
105,9613,2026-08-31,0.12843459621151984,bajo
2994,9588,2026-08-30,0.11019707479704134,bajo
3603,9580,2026-08-30,0.10983692628966624,bajo
1279,9629,2026-09-03,0.10043680228868633,bajo
593,9715,2026-09-05,0.09933086971788767,bajo
2091,9660,2026-09-03,0.0937392957001852,bajo
1473,9254,2026-09-03,0.08971950722022481,bajo
2495,9579,2026-08-30,0.08875579071111486,bajo
1294,9743,2026-09-06,0.0784717110126493,bajo
2155,9686,2026-09-04,0.06758864291796983,bajo
2257,9562,2026-09-01,0.062011252892447286,bajo
1555,9045,2026-08-31,0.05842437727458762,bajo
2139,9459,2026-08-30,0.05645968065518442,bajo
293,9428,2026-08-30,0.05438275834276727,bajo
1779,9652,2026-09-03,0.0527359554090942,bajo
212,9563,2026-08-30,0.051612721393889345,bajo
451,9669,2026-09-03,0.051053048859290386,bajo
1608,9630,2026-09-03,0.04944912846925167,bajo
2089,9320,2026-08-30,0.049009347021418084,bajo
1854,9059,2026-08-31,0.048933619475009356,bajo
1526,9566,2026-08-30,0.04825398565071999,bajo
3297,9586,2026-08-30,0.04788101255306388,bajo
1906,9687,2026-09-04,0.04662852497362123,bajo
1707,9019,2026-08-30,0.04394742853527764,bajo
1697,9602,2026-08-31,0.0409856165988546,bajo
1661,9681,2026-09-04,0.03737561306552395,bajo
3296,9587,2026-08-30,0.03696236423885281,bajo
1746,9211,2026-09-02,0.03464461765613906,bajo
2306,8993,2026-08-30,0.033050657173702744,bajo
259,9611,2026-08-31,0.03277250609033317,bajo
1649,9650,2026-09-03,0.03248090617863378,bajo
260,9598,2026-08-31,0.03245320388036383,bajo
1658,9006,2026-08-30,0.03080687597078729,bajo
1669,9121,2026-08-31,0.028937678741842776,bajo
42,9623,2026-09-03,0.025205021739814273,bajo
